2024-07-29T10:00:00,INFO,Application started
2024-07-29T10:01:00,ERROR,Database connection failed
2024-07-29T10:01:30,ERROR,Database connection failed
2024-07-29T10:02:00,INFO,Retrying database connection
2024-07-29T10:02:30,INFO,Database connected successfully
2024-07-29T11:00:00,ERROR,404 Not Found: /api/unknown
2024-07-29T11:01:00,ERROR,404 Not Found: /api/unknown
2024-07-29T11:02:00,ERROR,404 Not Found: /api/unknown
2024-07-29T11:03:00,ERROR,404 Not Found: /api/unknown
2024-07-29T11:04:00,ERROR,404 Not Found: /api/unknown
2024-07-29T11:05:00,ERROR,404 Not Found: /api/unknown
2024-07-29T12:00:00,INFO,Daily backup started
2024-07-29T12:30:00,INFO,Daily backup completed